-- phpMyAdmin SQL Dump
-- version 4.0.4
-- http://www.phpmyadmin.net
--
-- Хост: localhost
-- Время создания: Ноя 05 2013 г., 07:18
-- Версия сервера: 5.6.12-log
-- Версия PHP: 5.4.16

SET SQL_MODE = "NO_AUTO_VALUE_ON_ZERO";
SET time_zone = "+00:00";


/*!40101 SET @OLD_CHARACTER_SET_CLIENT=@@CHARACTER_SET_CLIENT */;
/*!40101 SET @OLD_CHARACTER_SET_RESULTS=@@CHARACTER_SET_RESULTS */;
/*!40101 SET @OLD_COLLATION_CONNECTION=@@COLLATION_CONNECTION */;
/*!40101 SET NAMES utf8 */;

--
-- База данных: `top10kino`
--
CREATE DATABASE IF NOT EXISTS `top10kino` DEFAULT CHARACTER SET utf8 COLLATE utf8_general_ci;
USE `top10kino`;

--
-- Дамп данных таблицы `dates`
--

INSERT INTO `dates` (`iddates`, `date`, `time`) VALUES
(1, '2013-11-02', '06:47:51'),
(2, '2013-11-03', '06:49:31'),
(3, '2013-11-04', '06:49:58'),
(4, '2013-11-05', '06:50:27');

--
-- Дамп данных таблицы `movies`
--

INSERT INTO `movies` (`idmovie`, `name`, `year`) VALUES
(57, '...А зори здесь тихие', 1972),
(4, '1+1', 2011),
(49, '12 разгневанных мужчин', 1957),
(161, '12 стульев', 1971),
(105, 'Адвокат дьявола', 1997),
(154, 'Аладдин', 1992),
(85, 'Амадей', 1984),
(180, 'Амели', 2001),
(30, 'Американская история Х', 1998),
(227, 'Анастасия', 1997),
(136, 'Андрей Рублев', 1966),
(238, 'Апокалипсис', 2006),
(169, 'Апокалипсис сегодня', 1979),
(98, 'Артист', 2011),
(120, 'Афера', 1973),
(109, 'Баллада о солдате', 1959),
(73, 'Балто', 1995),
(245, 'Безумно влюбленный', 1981),
(82, 'Белый Бим Черное ухо', 1976),
(147, 'Белый плен', 2006),
(239, 'Берегись автомобиля', 1966),
(156, 'Бешеные псы', 1991),
(194, 'Билли Эллиот', 2000),
(128, 'Блеф', 1976),
(9, 'Бойцовский клуб', 1999),
(26, 'Большой куш', 2000),
(125, 'Брат', 1997),
(237, 'Брат 2', 2000),
(28, 'Бриллиантовая рука', 1968),
(246, 'Бронкская история', 1993),
(27, 'В бой идут одни «старики»', 1973),
(46, 'В джазе только девушки', 1959),
(202, 'В диких условиях', 2007),
(66, 'В погоне за счастьем', 2006),
(137, 'В случае убийства набирайте &laquo;М&raquo;', 1954),
(36, 'ВАЛЛ·И', 2008),
(148, 'Вам и не снилось...', 1980),
(247, 'Великан', 1998),
(201, 'Великий Гэтсби', 2013),
(210, 'Великий диктатор', 1940),
(212, 'Весна, лето, осень, зима... и снова весна', 2003),
(171, 'Вечное сияние чистого разума', 2004),
(31, 'Властелин колец: Братство кольца', 2001),
(19, 'Властелин колец: Возвращение Короля', 2003),
(33, 'Властелин колец: Две крепости', 2002),
(181, 'Военный ныряльщик', 2000),
(127, 'Воин', 2011),
(138, 'Ганди', 1982),
(225, 'Гарри Поттер и Дары Смерти: Часть II', 2011),
(226, 'Гарри Поттер и узник Азкабана', 2004),
(224, 'Гарри Поттер и философский камень', 2001),
(223, 'Гаттака', 1997),
(18, 'Гладиатор', 2000),
(20, 'Гонка', 2013),
(124, 'Город Бога', 2002),
(100, 'Гравитация', 2013),
(71, 'Гран Торино', 2008),
(187, 'Девочка, покорившая время', 2006),
(123, 'Девчата', 1961),
(146, 'День сурка', 1993),
(42, 'Джанго освобожденный', 2012),
(43, 'Джентльмены удачи', 1971),
(78, 'Дневник памяти', 2004),
(121, 'Добро пожаловать, или Посторонним вход воспрещен', 1964),
(232, 'Догвилль', 2003),
(233, 'Доживем до понедельника', 1968),
(12, 'Достучаться до небес', 1997),
(214, 'Жестокий романс', 1984),
(243, 'Жизнь в розовом цвете', 2007),
(87, 'Жизнь других', 2006),
(116, 'Жизнь Дэвида Гейла', 2003),
(207, 'Жизнь Пи', 2012),
(10, 'Жизнь прекрасна', 1997),
(211, 'Завтра была война', 1987),
(216, 'Загадочная история Бенджамина Баттона', 2008),
(37, 'Запах женщины', 1992),
(134, 'Заплати другому', 2000),
(172, 'Звездные войны: Эпизод 3 – Месть Ситхов', 2005),
(219, 'Звездные войны: Эпизод 5 – Империя наносит ответный удар', 1980),
(174, 'Звездные войны: Эпизод 6 – Возвращение Джедая', 1983),
(168, 'Звездочки на земле', 2007),
(2, 'Зеленая миля', 1999),
(218, 'Знакомьтесь, Джо Блэк', 1998),
(213, 'Знахарь', 1981),
(179, 'Золотая лихорадка', 1925),
(166, 'Золотой теленок', 1968),
(11, 'Иван Васильевич меняет профессию', 1973),
(196, 'Иваново детство', 1962),
(60, 'Игра', 1997),
(15, 'Игры разума', 2001),
(72, 'Изгой', 2000),
(188, 'Иллюзионист', 2006),
(184, 'Индиана Джонс и последний крестовый поход', 1989),
(176, 'Ип Ман', 2008),
(240, 'Ирония судьбы, или С легким паром!', 1975),
(209, 'История Хатико', 1987),
(59, 'Кавказская пленница, или Новые приключения Шурика', 1966),
(108, 'Казино', 1995),
(58, 'Как приручить дракона', 2010),
(106, 'Как украсть миллион', 1966),
(21, 'Карты, деньги, два ствола', 1998),
(230, 'Клуб &laquo;Завтрак&raquo;', 1985),
(162, 'Король говорит!', 2010),
(7, 'Король Лев', 1994),
(186, 'Корпорация монстров', 2001),
(244, 'Крамер против Крамера', 1979),
(89, 'Красавица и чудовище', 1991),
(204, 'Красота по-американски', 1999),
(13, 'Крестный отец', 1972),
(52, 'Крестный отец 2', 1974),
(16, 'Криминальное чтиво', 1994),
(221, 'Крупная рыба', 2003),
(102, 'Легенда о пианисте', 1998),
(88, 'Легенда №17', 2012),
(229, 'Леди и бродяга', 1955),
(173, 'Ледниковый период', 2002),
(6, 'Леон', 1994),
(77, 'Летят журавли', 1957),
(178, 'Лис и пёс', 1981),
(129, 'Лицо со шрамом', 1983),
(133, 'Любовь и голуби', 1984),
(250, 'Максим Перепелица', 1955),
(67, 'Малыш', 1921),
(119, 'Малышка на миллион', 2004),
(97, 'Мальчик в полосатой пижаме', 2008),
(32, 'Матрица', 1999),
(158, 'Медведь', 1988),
(104, 'Меня зовут Кхан', 2010),
(101, 'Могила светлячков', 1988),
(152, 'Мой сосед Тоторо', 1988),
(54, 'Молчание ягнят', 1990),
(84, 'Москва слезам не верит', 1979),
(248, 'Мотылек', 1973),
(235, 'Мулан', 1998),
(122, 'На несколько долларов больше', 1965),
(22, 'Назад в будущее', 1985),
(92, 'Назад в будущее 2', 1989),
(160, 'Назад в будущее 3', 1990),
(8, 'Начало', 2010),
(110, 'Невидимая сторона', 2009),
(99, 'Новые времена', 1936),
(192, 'Новый кинотеатр &laquo;Парадизо&raquo;', 1988),
(55, 'Нокдаун', 2005),
(203, 'Ночи Кабирии', 1957),
(107, 'Общество мертвых поэтов', 1989),
(241, 'Обыкновенное чудо', 1978),
(44, 'Огни большого города', 1931),
(141, 'Один дома', 1990),
(115, 'Одиннадцать друзей Оушена', 2001),
(74, 'Однажды в Америке', 1983),
(205, 'Окно во двор', 1954),
(149, 'Октябрьское небо', 1999),
(94, 'Они сражались за Родину', 1975),
(17, 'Операция «Ы» и другие приключения Шурика', 1965),
(38, 'Остров проклятых', 2009),
(157, 'Остров сокровищ', 1988),
(220, 'Отверженные', 2012),
(140, 'Отец солдата', 1964),
(25, 'Отступники', 2006),
(65, 'Офицеры', 1971),
(23, 'Пианист', 2002),
(34, 'Пираты Карибского моря: Проклятие Черной жемчужины', 2003),
(153, 'Пираты Карибского моря: Сундук мертвеца', 2006),
(163, 'Писатели свободы', 2006),
(164, 'Планета Ка-Пэкс', 2001),
(1, 'Побег из Шоушенка', 1994),
(231, 'Подмена', 2008),
(24, 'Поймай меня, если сможешь', 2002),
(183, 'Пока не сыграл в ящик', 2007),
(198, 'Покровские ворота', 1982),
(217, 'Последний самурай', 2003),
(182, 'Поющие под дождем', 1952),
(14, 'Престиж', 2006),
(135, 'Привидение', 1990),
(189, 'Принцесса Мононоке', 1997),
(63, 'Прислуга', 2011),
(39, 'Пробуждение', 1990),
(29, 'Пролетая над гнездом кукушки', 1975),
(191, 'Профессионал', 1981),
(197, 'Психо', 1960),
(159, 'Пятый элемент', 1997),
(79, 'Римские каникулы', 1953),
(132, 'Ромео и Джульетта', 1968),
(113, 'Рэй', 2004),
(118, 'Самый быстрый Indian', 2005),
(144, 'Свидетель обвинения', 1957),
(208, 'Седьмая печать', 1957),
(222, 'Секреты Лос-Анджелеса', 1997),
(53, 'Семь', 1995),
(114, 'Семь жизней', 2008),
(139, 'Семь самураев', 1954),
(126, 'Славные парни', 1990),
(112, 'Служебный роман', 1977),
(64, 'Собачье сердце', 1988),
(199, 'Совершенный мир', 1993),
(81, 'Спасти рядового Райана', 1998),
(5, 'Список Шиндлера', 1993),
(242, 'Стальной гигант', 1999),
(228, 'Старший сын', 1975),
(195, 'Стена', 1982),
(193, 'Столкновение', 2004),
(75, 'Судьба человека', 1959),
(175, 'Схватка', 1995),
(96, 'Счастливое число Слевина', 2005),
(131, 'Танцующий с волками', 1990),
(35, 'Темный рыцарь', 2008),
(70, 'Темный рыцарь: Возрождение легенды', 2012),
(145, 'Терминал', 2004),
(68, 'Терминатор 2: Судный день', 1991),
(51, 'Титаник', 1997),
(165, 'Тот самый Мюнхгаузен', 1979),
(234, 'Трасса 60', 2001),
(142, 'Тренер Картер', 2005),
(190, 'Три идиота', 2009),
(167, 'Тэмпл Грандин', 2010),
(206, 'Убить пересмешника', 1962),
(83, 'Укрощение строптивого', 1980),
(150, 'Умница Уилл Хантинг', 1997),
(86, 'Унесенные ветром', 1939),
(50, 'Унесённые призраками', 2001),
(151, 'Ураган', 1999),
(3, 'Форрест Гамп', 1994),
(41, 'Хатико: Самый верный друг', 2008),
(80, 'Хоббит: Нежданное путешествие', 2012),
(91, 'Ходячий замок', 2004),
(215, 'Холодное лето пятьдесят третьего', 1987),
(40, 'Хористы', 2004),
(45, 'Хороший, плохой, злой', 1966),
(62, 'Храброе сердце', 1995),
(177, 'Хулиганы', 2004),
(170, 'Цирк', 1928),
(200, 'Чаплин', 1992),
(69, 'Человек дождя', 1988),
(155, 'Человек-слон', 1980),
(143, 'Шерлок Холмс', 2009),
(61, 'Шерлок Холмс и доктор Ватсон: Знакомство', 1979),
(117, 'Шерлок Холмс и доктор Ватсон: Король шантажа', 1980),
(103, 'Шерлок Холмс и доктор Ватсон: Кровавая надпись', 1979),
(111, 'Шерлок Холмс и доктор Ватсон: Охота на тигра', 1980),
(93, 'Шерлок Холмс и доктор Ватсон: Смертельная схватка', 1980),
(48, 'Шерлок Холмс и доктор Ватсон: Собака Баскервилей', 1981),
(130, 'Шерлок Холмс и доктор Ватсон: Сокровища Агры', 1983),
(76, 'Шестое чувство', 1999),
(56, 'Шоу Трумана', 1998),
(236, 'Шрек', 2001),
(47, 'Эта замечательная жизнь', 1946),
(90, 'Эффект бабочки', 2004),
(249, 'Юнона и Авось', 1983),
(185, 'Я – Сэм', 2001),
(95, '…А в душе я танцую', 2004);

--
-- Дамп данных таблицы `rating`
--

INSERT INTO `rating` (`id`, `idmovie`, `position`, `rating`, `votes`, `iddates`) VALUES
(1, 1, 1, 9.209, 245399, 1),
(2, 2, 2, 9.163, 235873, 1),
(3, 3, 3, 9.024, 234940, 1),
(4, 4, 4, 8.912, 200633, 1),
(5, 5, 5, 8.885, 116365, 1),
(6, 6, 6, 8.794, 192876, 1),
(7, 7, 7, 8.789, 163850, 1),
(8, 8, 8, 8.785, 262872, 1),
(9, 9, 9, 8.739, 220092, 1),
(10, 10, 10, 8.704, 76137, 1),
(11, 11, 11, 8.696, 180543, 1),
(12, 12, 12, 8.686, 192386, 1),
(13, 13, 13, 8.673, 103335, 1),
(14, 14, 14, 8.658, 201003, 1),
(15, 15, 15, 8.647, 171813, 1),
(16, 16, 16, 8.642, 152885, 1),
(17, 17, 17, 8.622, 161386, 1),
(18, 18, 18, 8.605, 161308, 1),
(19, 19, 19, 8.602, 166672, 1),
(20, 20, 20, 8.59, 13237, 1),
(21, 21, 21, 8.589, 142676, 1),
(22, 22, 22, 8.57, 164591, 1),
(23, 23, 23, 8.56, 96641, 1),
(24, 24, 24, 8.545, 155490, 1),
(25, 25, 25, 8.543, 148917, 1),
(26, 26, 26, 8.535, 138348, 1),
(27, 27, 27, 8.528, 76154, 1),
(28, 28, 28, 8.524, 148862, 1),
(29, 29, 29, 8.523, 111315, 1),
(30, 30, 30, 8.522, 120420, 1),
(31, 31, 31, 8.52, 163651, 1),
(32, 32, 32, 8.512, 176676, 1),
(33, 33, 33, 8.512, 155216, 1),
(34, 34, 34, 8.502, 189566, 1),
(35, 35, 35, 8.502, 183983, 1),
(36, 36, 36, 8.501, 161754, 1),
(37, 37, 37, 8.501, 91569, 1),
(38, 38, 38, 8.499, 185754, 1),
(39, 39, 39, 8.497, 50415, 1),
(40, 40, 40, 8.494, 42822, 1),
(41, 41, 41, 8.493, 150677, 1),
(42, 42, 42, 8.493, 134367, 1),
(43, 43, 43, 8.489, 129659, 1),
(44, 44, 44, 8.489, 21584, 1),
(45, 45, 45, 8.486, 44924, 1),
(46, 46, 46, 8.474, 102727, 1),
(47, 47, 47, 8.474, 15644, 1),
(48, 48, 48, 8.469, 59992, 1),
(49, 49, 49, 8.468, 30986, 1),
(50, 50, 50, 8.464, 95254, 1),
(51, 51, 51, 8.46, 205764, 1),
(52, 52, 52, 8.457, 62471, 1),
(53, 53, 53, 8.449, 134532, 1),
(54, 54, 54, 8.439, 121268, 1),
(55, 55, 55, 8.439, 59269, 1),
(56, 56, 56, 8.438, 139288, 1),
(57, 57, 57, 8.438, 48756, 1),
(58, 58, 58, 8.435, 124184, 1),
(59, 59, 59, 8.428, 130959, 1),
(60, 60, 60, 8.427, 107927, 1),
(61, 61, 61, 8.426, 49437, 1),
(62, 62, 62, 8.41, 91643, 1),
(63, 63, 63, 8.405, 67772, 1),
(64, 64, 64, 8.401, 81230, 1),
(65, 65, 65, 8.396, 27533, 1),
(66, 66, 66, 8.393, 100684, 1),
(67, 67, 67, 8.384, 14154, 1),
(68, 68, 68, 8.378, 140725, 1),
(69, 69, 69, 8.37, 103129, 1),
(70, 70, 70, 8.369, 133594, 1),
(71, 71, 71, 8.362, 89106, 1),
(72, 72, 72, 8.359, 115621, 1),
(73, 73, 73, 8.357, 58917, 1),
(74, 74, 74, 8.354, 48053, 1),
(75, 75, 75, 8.351, 20524, 1),
(76, 76, 76, 8.346, 105119, 1),
(77, 77, 77, 8.346, 20258, 1),
(78, 78, 78, 8.341, 124319, 1),
(79, 79, 79, 8.341, 43473, 1),
(80, 80, 80, 8.335, 117463, 1),
(81, 81, 81, 8.334, 93572, 1),
(82, 82, 82, 8.332, 37390, 1),
(83, 83, 83, 8.331, 79183, 1),
(84, 84, 84, 8.331, 75252, 1),
(85, 85, 85, 8.327, 23094, 1),
(86, 86, 86, 8.321, 60650, 1),
(87, 87, 87, 8.321, 30728, 1),
(88, 88, 88, 8.32, 75439, 1),
(89, 89, 89, 8.317, 83830, 1),
(90, 90, 90, 8.316, 173609, 1),
(91, 91, 91, 8.314, 75750, 1),
(92, 92, 92, 8.312, 120008, 1),
(93, 93, 93, 8.31, 39308, 1),
(94, 94, 94, 8.306, 21783, 1),
(95, 95, 95, 8.303, 63116, 1),
(96, 96, 96, 8.302, 115403, 1),
(97, 97, 97, 8.293, 56978, 1),
(98, 98, 98, 8.292, 45853, 1),
(99, 99, 99, 8.292, 7992, 1),
(100, 100, 100, 8.282, 37812, 1),
(101, 1, 1, 9.213, 245588, 2),
(102, 2, 2, 9.163, 235873, 2),
(103, 3, 3, 9.024, 234940, 2),
(104, 4, 4, 8.912, 200633, 2),
(105, 5, 5, 8.885, 116365, 2),
(106, 6, 6, 8.794, 192876, 2),
(107, 7, 7, 8.789, 163850, 2),
(108, 8, 8, 8.785, 262872, 2),
(109, 9, 9, 8.739, 220092, 2),
(110, 10, 10, 8.705, 76247, 2),
(111, 11, 11, 8.696, 180543, 2),
(112, 12, 12, 8.686, 192386, 2),
(113, 13, 13, 8.673, 103335, 2),
(114, 14, 14, 8.658, 201003, 2),
(115, 15, 15, 8.647, 171814, 2),
(116, 16, 16, 8.642, 152885, 2),
(117, 17, 17, 8.622, 161386, 2),
(118, 18, 18, 8.605, 161308, 2),
(119, 19, 19, 8.602, 166672, 2),
(120, 20, 20, 8.59, 13237, 2),
(121, 21, 21, 8.589, 142676, 2),
(122, 22, 22, 8.57, 164591, 2),
(123, 23, 23, 8.56, 96641, 2),
(124, 24, 24, 8.545, 155490, 2),
(125, 25, 25, 8.543, 148917, 2),
(126, 26, 26, 8.535, 138348, 2),
(127, 27, 27, 8.528, 76154, 2),
(128, 28, 28, 8.524, 148862, 2),
(129, 29, 29, 8.523, 111315, 2),
(130, 30, 30, 8.522, 120420, 2),
(131, 31, 31, 8.52, 163651, 2),
(132, 32, 32, 8.512, 176676, 2),
(133, 33, 33, 8.512, 155216, 2),
(134, 34, 34, 8.502, 189566, 2),
(135, 35, 35, 8.502, 183983, 2),
(136, 36, 36, 8.501, 161754, 2),
(137, 37, 37, 8.501, 91569, 2),
(138, 38, 38, 8.499, 185754, 2),
(139, 39, 39, 8.497, 50415, 2),
(140, 40, 40, 8.494, 42822, 2),
(141, 41, 41, 8.493, 150677, 2),
(142, 42, 42, 8.493, 134367, 2),
(143, 43, 43, 8.489, 129659, 2),
(144, 44, 44, 8.489, 21584, 2),
(145, 45, 45, 8.486, 44925, 2),
(146, 46, 46, 8.474, 102727, 2),
(147, 47, 47, 8.474, 15644, 2),
(148, 48, 48, 8.469, 59992, 2),
(149, 49, 49, 8.468, 30986, 2),
(150, 50, 50, 8.464, 95254, 2),
(151, 51, 51, 8.46, 205764, 2),
(152, 52, 52, 8.457, 62471, 2),
(153, 53, 53, 8.449, 134532, 2),
(154, 54, 54, 8.439, 121268, 2),
(155, 55, 55, 8.439, 59269, 2),
(156, 56, 56, 8.438, 139288, 2),
(157, 57, 57, 8.438, 48756, 2),
(158, 58, 58, 8.435, 124184, 2),
(159, 59, 59, 8.428, 130960, 2),
(160, 60, 60, 8.427, 107927, 2),
(161, 61, 61, 8.426, 49437, 2),
(162, 62, 62, 8.41, 91643, 2),
(163, 63, 63, 8.405, 67772, 2),
(164, 64, 64, 8.401, 81230, 2),
(165, 65, 65, 8.396, 27533, 2),
(166, 66, 66, 8.393, 100684, 2),
(167, 67, 67, 8.384, 14154, 2),
(168, 68, 68, 8.378, 140725, 2),
(169, 69, 69, 8.37, 103129, 2),
(170, 70, 70, 8.369, 133594, 2),
(171, 71, 71, 8.362, 89106, 2),
(172, 72, 72, 8.359, 115621, 2),
(173, 73, 73, 8.357, 58917, 2),
(174, 74, 74, 8.354, 48053, 2),
(175, 75, 75, 8.351, 20524, 2),
(176, 76, 76, 8.346, 105119, 2),
(177, 77, 77, 8.346, 20258, 2),
(178, 78, 78, 8.341, 124319, 2),
(179, 79, 79, 8.341, 43473, 2),
(180, 80, 80, 8.335, 117463, 2),
(181, 81, 81, 8.334, 93572, 2),
(182, 82, 82, 8.332, 37390, 2),
(183, 83, 83, 8.331, 79183, 2),
(184, 84, 84, 8.331, 75252, 2),
(185, 85, 85, 8.327, 23094, 2),
(186, 86, 86, 8.321, 60650, 2),
(187, 87, 87, 8.321, 30728, 2),
(188, 88, 88, 8.32, 75439, 2),
(189, 89, 89, 8.317, 83830, 2),
(190, 90, 90, 8.316, 173609, 2),
(191, 91, 91, 8.314, 75750, 2),
(192, 92, 92, 8.312, 120008, 2),
(193, 93, 93, 8.31, 39308, 2),
(194, 94, 94, 8.306, 21783, 2),
(195, 95, 95, 8.303, 63116, 2),
(196, 96, 96, 8.302, 115403, 2),
(197, 97, 97, 8.293, 56978, 2),
(198, 98, 98, 8.292, 45853, 2),
(199, 99, 99, 8.292, 7992, 2),
(200, 100, 100, 8.282, 37812, 2),
(201, 1, 1, 9.215, 246155, 3),
(202, 2, 2, 9.163, 235873, 3),
(203, 3, 3, 9.024, 234940, 3),
(204, 4, 4, 8.912, 200633, 3),
(205, 5, 5, 8.885, 116365, 3),
(206, 6, 6, 8.794, 192876, 3),
(207, 7, 7, 8.789, 163850, 3),
(208, 8, 8, 8.785, 262872, 3),
(209, 9, 9, 8.739, 220092, 3),
(210, 10, 10, 8.706, 77157, 3),
(211, 11, 11, 8.696, 180543, 3),
(212, 12, 12, 8.686, 192386, 3),
(213, 13, 13, 8.673, 103335, 3),
(214, 14, 14, 8.658, 201003, 3),
(215, 15, 15, 8.647, 171814, 3),
(216, 16, 16, 8.642, 152885, 3),
(217, 17, 17, 8.622, 161386, 3),
(218, 18, 18, 8.605, 161308, 3),
(219, 19, 19, 8.602, 166672, 3),
(220, 20, 20, 8.59, 13237, 3),
(221, 21, 21, 8.589, 142676, 3),
(222, 22, 22, 8.57, 164591, 3),
(223, 23, 23, 8.56, 96641, 3),
(224, 24, 24, 8.545, 155490, 3),
(225, 25, 25, 8.543, 148917, 3),
(226, 26, 26, 8.535, 138348, 3),
(227, 27, 27, 8.528, 76154, 3),
(228, 28, 28, 8.524, 148862, 3),
(229, 29, 29, 8.523, 111315, 3),
(230, 30, 30, 8.522, 120420, 3),
(231, 31, 31, 8.52, 163651, 3),
(232, 32, 32, 8.512, 176676, 3),
(233, 33, 33, 8.512, 155216, 3),
(234, 34, 34, 8.502, 189566, 3),
(235, 35, 35, 8.502, 183983, 3),
(236, 36, 36, 8.501, 161754, 3),
(237, 37, 37, 8.501, 91569, 3),
(238, 38, 38, 8.499, 185754, 3),
(239, 39, 39, 8.497, 50415, 3),
(240, 40, 40, 8.494, 42822, 3),
(241, 41, 41, 8.493, 150677, 3),
(242, 42, 42, 8.493, 134367, 3),
(243, 43, 43, 8.489, 129659, 3),
(244, 44, 44, 8.489, 21584, 3),
(245, 45, 45, 8.486, 44925, 3),
(246, 46, 46, 8.474, 102727, 3),
(247, 47, 47, 8.474, 15644, 3),
(248, 48, 48, 8.469, 59992, 3),
(249, 49, 49, 8.468, 30986, 3),
(250, 50, 50, 8.464, 95254, 3),
(251, 51, 51, 8.46, 205764, 3),
(252, 52, 52, 8.457, 62471, 3),
(253, 53, 53, 8.449, 134532, 3),
(254, 54, 54, 8.439, 121268, 3),
(255, 55, 55, 8.439, 59269, 3),
(256, 56, 56, 8.438, 139288, 3),
(257, 57, 57, 8.438, 48756, 3),
(258, 58, 58, 8.435, 124184, 3),
(259, 59, 59, 8.428, 130960, 3),
(260, 60, 60, 8.427, 107927, 3),
(261, 61, 61, 8.426, 49437, 3),
(262, 62, 62, 8.41, 91643, 3),
(263, 63, 63, 8.405, 67772, 3),
(264, 64, 64, 8.401, 81230, 3),
(265, 65, 65, 8.396, 27533, 3),
(266, 66, 66, 8.393, 100684, 3),
(267, 67, 67, 8.384, 14154, 3),
(268, 68, 68, 8.378, 140725, 3),
(269, 69, 69, 8.37, 103129, 3),
(270, 70, 70, 8.369, 133594, 3),
(271, 71, 71, 8.362, 89106, 3),
(272, 72, 72, 8.359, 115621, 3),
(273, 73, 73, 8.357, 58917, 3),
(274, 74, 74, 8.354, 48053, 3),
(275, 75, 75, 8.351, 20524, 3),
(276, 76, 76, 8.346, 105119, 3),
(277, 77, 77, 8.346, 20258, 3),
(278, 78, 78, 8.341, 124319, 3),
(279, 79, 79, 8.341, 43473, 3),
(280, 80, 80, 8.335, 117464, 3),
(281, 81, 81, 8.334, 93572, 3),
(282, 82, 82, 8.332, 37390, 3),
(283, 83, 83, 8.331, 79183, 3),
(284, 84, 84, 8.331, 75252, 3),
(285, 85, 85, 8.327, 23094, 3),
(286, 86, 86, 8.321, 60650, 3),
(287, 87, 87, 8.321, 30728, 3),
(288, 88, 88, 8.32, 75439, 3),
(289, 89, 89, 8.317, 83830, 3),
(290, 90, 90, 8.316, 173609, 3),
(291, 91, 91, 8.314, 75750, 3),
(292, 92, 92, 8.312, 120008, 3),
(293, 93, 93, 8.31, 39308, 3),
(294, 94, 94, 8.306, 21783, 3),
(295, 95, 95, 8.303, 63116, 3),
(296, 96, 96, 8.302, 115403, 3),
(297, 97, 97, 8.293, 56978, 3),
(298, 98, 98, 8.292, 45853, 3),
(299, 99, 99, 8.292, 7992, 3),
(300, 100, 100, 8.282, 37812, 3),
(301, 1, 1, 9.221, 246399, 4),
(302, 2, 2, 9.163, 235873, 4),
(303, 3, 3, 9.024, 234940, 4),
(304, 4, 4, 8.912, 200633, 4),
(305, 5, 5, 8.885, 116365, 4),
(306, 6, 6, 8.794, 192876, 4),
(307, 7, 7, 8.789, 163850, 4),
(308, 8, 8, 8.785, 262872, 4),
(309, 9, 9, 8.739, 220092, 4),
(310, 10, 10, 8.707, 77167, 4),
(311, 11, 11, 8.696, 180543, 4),
(312, 12, 12, 8.686, 192386, 4),
(313, 13, 13, 8.673, 103335, 4),
(314, 14, 14, 8.658, 201003, 4),
(315, 15, 15, 8.647, 171814, 4),
(316, 16, 16, 8.642, 152885, 4),
(317, 17, 17, 8.622, 161386, 4),
(318, 18, 18, 8.605, 161308, 4),
(319, 19, 19, 8.602, 166672, 4),
(320, 20, 20, 8.59, 13237, 4),
(321, 21, 21, 8.589, 142676, 4),
(322, 22, 22, 8.57, 164591, 4),
(323, 23, 23, 8.56, 96641, 4),
(324, 24, 24, 8.545, 155490, 4),
(325, 25, 25, 8.543, 148917, 4),
(326, 26, 26, 8.535, 138348, 4),
(327, 27, 27, 8.528, 76154, 4),
(328, 28, 28, 8.524, 148862, 4),
(329, 29, 29, 8.523, 111315, 4),
(330, 30, 30, 8.522, 120420, 4),
(331, 31, 31, 8.52, 163651, 4),
(332, 32, 32, 8.512, 176676, 4),
(333, 33, 33, 8.512, 155216, 4),
(334, 34, 34, 8.502, 189566, 4),
(335, 35, 35, 8.502, 183983, 4),
(336, 36, 36, 8.501, 161754, 4),
(337, 37, 37, 8.501, 91569, 4),
(338, 38, 38, 8.499, 185754, 4),
(339, 39, 39, 8.497, 50416, 4),
(340, 40, 40, 8.494, 42822, 4),
(341, 41, 41, 8.493, 150677, 4),
(342, 42, 42, 8.493, 134367, 4),
(343, 43, 43, 8.489, 129659, 4),
(344, 44, 44, 8.489, 21584, 4),
(345, 45, 45, 8.486, 44925, 4),
(346, 46, 46, 8.474, 102727, 4),
(347, 47, 47, 8.474, 15644, 4),
(348, 48, 48, 8.469, 59992, 4),
(349, 49, 49, 8.468, 30986, 4),
(350, 50, 50, 8.464, 95254, 4),
(351, 51, 51, 8.46, 205764, 4),
(352, 52, 52, 8.457, 62471, 4),
(353, 53, 53, 8.449, 134532, 4),
(354, 54, 54, 8.439, 121268, 4),
(355, 55, 55, 8.439, 59269, 4),
(356, 56, 56, 8.438, 139288, 4),
(357, 57, 57, 8.438, 48756, 4),
(358, 58, 58, 8.435, 124184, 4),
(359, 59, 59, 8.428, 130960, 4),
(360, 60, 60, 8.427, 107927, 4),
(361, 61, 61, 8.426, 49437, 4),
(362, 62, 62, 8.41, 91643, 4),
(363, 63, 63, 8.405, 67772, 4),
(364, 64, 64, 8.401, 81230, 4),
(365, 65, 65, 8.396, 27533, 4),
(366, 66, 66, 8.393, 100684, 4),
(367, 67, 67, 8.384, 14154, 4),
(368, 68, 68, 8.378, 140725, 4),
(369, 69, 69, 8.37, 103129, 4),
(370, 70, 70, 8.369, 133594, 4),
(371, 71, 71, 8.362, 89106, 4),
(372, 72, 72, 8.359, 115621, 4),
(373, 73, 73, 8.357, 58917, 4),
(374, 74, 74, 8.354, 48053, 4),
(375, 75, 75, 8.351, 20524, 4),
(376, 76, 76, 8.346, 105119, 4),
(377, 77, 77, 8.346, 20258, 4),
(378, 78, 78, 8.341, 124319, 4),
(379, 79, 79, 8.341, 43473, 4),
(380, 80, 80, 8.335, 117464, 4),
(381, 81, 81, 8.334, 93572, 4),
(382, 82, 82, 8.332, 37390, 4),
(383, 83, 83, 8.331, 79183, 4),
(384, 84, 84, 8.331, 75252, 4),
(385, 85, 85, 8.327, 23094, 4),
(386, 86, 86, 8.321, 60650, 4),
(387, 87, 87, 8.321, 30728, 4),
(388, 88, 88, 8.32, 75439, 4),
(389, 89, 89, 8.317, 83830, 4),
(390, 90, 90, 8.316, 173609, 4),
(391, 91, 91, 8.314, 75750, 4),
(392, 92, 92, 8.312, 120008, 4),
(393, 93, 93, 8.31, 39308, 4),
(394, 94, 94, 8.306, 21783, 4),
(395, 95, 95, 8.303, 63116, 4),
(396, 96, 96, 8.302, 115403, 4),
(397, 97, 97, 8.293, 56978, 4),
(398, 98, 98, 8.292, 45853, 4),
(399, 99, 99, 8.292, 7992, 4),
(400, 100, 100, 8.282, 37812, 4);

/*!40101 SET CHARACTER_SET_CLIENT=@OLD_CHARACTER_SET_CLIENT */;
/*!40101 SET CHARACTER_SET_RESULTS=@OLD_CHARACTER_SET_RESULTS */;
/*!40101 SET COLLATION_CONNECTION=@OLD_COLLATION_CONNECTION */;
